Borough,Year,Murder,Wounding/GBH,Assault With Injury,Common Assault,Offensive Weapon,Harassment,Other Violence,Violence Against The Person,Rape,Other Sexual,Sexual Offences,Personal Property,Business Property,Robbery,Burglary in A Dwelling,Burglary in Other Buildings,Burglary,Theft/Taking Of Motor Vehicle,Theft From Motor Vehicle,Motor Vehicle Interference and Tampering,Theft From Shops,Theft Person,Theft/Taking Of Pedal Cycles,Other Theft,Handling Stolen Goods,Theft & Handling,Counted Per Victim,Other Fraud & Forgery,Fraud & Forgery,Criminal Damage to a Dwelling,Criminal Damage To Other Buildings,Criminal Damage To Motor Vehicle,Other Criminal Damage,Criminal Damage,Drug Trafficking,Possession Of Drugs,Other Drugs,Drugs,Going Equipped,Other Notifiable,Other Notifiable Offences,Total Notifiable Offences
Barking and Dagenham,2014,3,510,1173,1106,54,1137,217,4200,118,182,300,491,35,526,1470,536,2006,773,1588,126,720,349,240,2011,72,5879,0,30,30,458,151,692,346,1647,87,1120,6,1213,11,292,303,16104
Barnet,2014,2,511,1110,1217,84,1424,209,4557,113,243,356,634,76,710,2731,1239,3970,769,2889,232,1198,713,226,3579,64,9670,0,45,45,407,200,908,450,1965,103,1019,7,1129,24,298,322,22724
Bexley,2014,0,324,725,704,46,805,168,2772,86,161,247,219,38,257,1148,635,1783,489,1115,108,807,145,117,1425,42,4248,0,11,11,299,111,688,300,1398,91,791,4,886,8,227,235,11837
Brent,2014,6,830,1546,1657,151,1819,401,6410,141,225,366,1077,47,1124,2153,701,2854,575,1988,119,960,906,451,2722,57,7778,0,34,34,504,215,798,530,2047,149,3223,33,3405,15,443,458,24476
Bromley,2014,2,478,1221,1074,79,1392,181,4427,106,204,310,473,66,539,2046,1020,3066,555,1915,159,1630,350,168,2849,46,7672,0,13,13,500,183,834,530,2047,78,1013,7,1098,14,259,273,19445
Camden,2014,1,628,1108,1234,103,1331,233,4638,119,231,350,876,78,954,1473,1651,3124,725,1972,156,1100,3454,1124,6813,55,15399,1,44,45,340,280,590,374,1584,128,1953,19,2100,27,425,452,28646
Croydon,2014,4,839,1907,1715,173,1598,321,6557,239,316,555,1381,126,1507,2621,1185,3806,716,2694,164,1675,840,328,4018,64,10499,0,22,22,685,299,1237,616,2837,128,1874,17,2019,17,383,400,28202
Ealing,2014,8,719,1564,1591,111,1986,305,6284,138,343,481,785,64,849,2168,1139,3307,646,3017,154,1478,832,673,3545,53,10398,0,46,46,489,230,1125,456,2300,222,1555,10,1787,14,420,434,25886
Enfield,2014,5,532,1331,1130,146,1404,216,4764,162,194,356,858,60,918,2379,1075,3454,874,3204,240,907,580,195,2918,66,8984,0,39,39,508,145,921,461,2035,231,1468,11,1710,16,355,371,22631
Greenwich,2014,3,602,1455,1396,97,1585,273,5411,138,212,350,402,41,443,1406,942,2348,571,1637,138,1294,618,310,2669,42,7279,0,49,49,584,185,747,453,1969,109,1237,10,1356,11,414,425,19630
Hackney,2014,7,794,1489,1609,159,1668,326,6052,163,273,436,961,54,1015,1596,1292,2888,592,1872,136,749,2795,1376,4182,67,11769,0,20,20,465,200,594,404,1663,257,1525,10,1792,26,370,396,26031
Hammersmith and Fulham,2014,1,425,909,1087,110,1332,180,4044,102,183,285,478,36,514,1023,483,1506,529,1683,100,1635,917,925,3063,103,8955,0,24,24,250,153,533,270,1206,112,1885,41,2038,52,361,413,18985
Haringey,2014,4,761,1432,1118,117,1103,292,4827,163,201,364,865,68,933,2133,774,2907,803,2623,161,885,1417,423,3207,52,9571,0,21,21,514,209,717,467,1907,102,1126,7,1235,15,294,309,22074
Harrow,2014,0,366,810,787,55,926,254,3198,82,137,219,409,21,430,1608,415,2023,225,1210,59,604,334,122,1434,17,4005,0,21,21,225,104,479,276,1084,76,936,5,1017,10,229,239,12236
Havering,2014,1,400,919,826,70,1057,164,3437,74,141,215,251,21,272,1840,555,2395,802,1526,184,970,347,134,2142,42,6147,0,12,12,282,141,696,349,1468,118,809,2,929,6,246,252,15127
Heathrow Airport,2014,0,0,59,65,72,71,15,282,2,18,20,2,0,2,0,16,16,26,48,1,233,65,14,1260,14,1661,0,45,45,0,12,37,25,74,0,77,0,77,0,307,307,2484
Hillingdon,2014,4,543,1359,1217,71,1505,336,5035,124,191,315,466,39,505,1961,884,2845,474,1980,120,1090,444,277,2612,48,7045,0,14,14,413,202,1037,520,2172,222,772,5,999,10,328,338,19268
Hounslow,2014,0,566,1311,1496,67,1570,218,5228,120,219,339,423,29,452,1464,748,2212,435,1811,95,1505,478,555,2652,51,7582,0,19,19,378,195,924,468,1965,134,1412,4,1550,25,296,321,19668
Islington,2014,5,624,1185,1367,123,1614,215,5133,110,222,332,836,61,897,1338,1173,2511,638,1511,115,906,4011,1042,3916,93,12232,0,28,28,460,208,586,413,1667,183,1216,13,1412,21,370,391,24603
Kensington and Chelsea,2014,1,326,671,731,45,781,104,2659,83,138,221,494,39,533,978,766,1744,531,1487,76,1461,1579,624,4834,43,10635,0,31,31,176,131,331,217,855,46,1001,16,1063,6,228,234,17975
Kingston upon Thames,2014,1,284,592,524,32,547,73,2053,46,104,150,126,16,142,663,448,1111,129,606,42,1054,444,435,1376,24,4110,0,9,9,151,126,401,221,899,45,657,1,703,12,99,111,9288
Lambeth,2014,5,1044,1918,1862,232,1942,340,7343,227,330,557,2148,108,2256,2509,1288,3797,811,2308,152,896,3132,1267,5216,111,13893,0,51,51,686,293,954,496,2429,214,1879,22,2115,28,454,482,32923
Lewisham,2014,2,720,1595,1710,177,1780,340,6324,193,281,474,1062,108,1170,2263,766,3029,688,1494,89,929,729,359,2799,77,7164,0,34,34,600,205,848,464,2117,176,1470,14,1660,18,337,355,22327
Merton,2014,1,288,639,674,50,745,137,2534,83,148,231,357,13,370,1088,621,1709,329,1195,84,757,336,394,1646,42,4783,0,21,21,262,120,552,245,1179,89,518,2,609,13,147,160,11596
Newham,2014,10,906,1684,2040,162,1543,368,6713,223,315,538,2068,98,2166,2134,816,2950,1087,2925,205,1393,2123,429,4040,81,12283,0,44,44,561,225,839,508,2133,135,1506,11,1652,19,452,471,28950
Redbridge,2014,2,505,1164,1233,99,1298,256,4557,126,214,340,818,66,884,2255,636,2891,962,2195,231,893,549,176,2664,64,7734,0,21,21,320,126,657,383,1486,88,1690,5,1783,19,329,348,20044
Richmond upon Thames,2014,1,226,463,493,23,665,68,1939,45,94,139,183,8,191,866,954,1820,327,1088,101,628,201,692,1428,22,4487,0,26,26,192,133,513,262,1100,35,633,0,668,10,138,148,10518
Southwark,2014,2,861,1631,1708,166,1718,315,6401,202,292,494,1921,137,2058,1885,1543,3428,1002,2002,150,1159,2411,1292,5052,88,13156,0,43,43,629,325,875,579,2408,301,2437,17,2755,17,435,452,31195
Sutton,2014,1,272,748,639,40,753,94,2547,66,154,220,220,31,251,829,602,1431,248,1204,80,848,182,148,1307,30,4047,0,8,8,237,150,598,274,1259,57,436,9,502,6,130,136,10401
Tower Hamlets,2014,5,748,1588,1845,128,1965,366,6645,157,273,430,1177,73,1250,1396,1225,2621,899,1758,121,836,1542,1316,4030,74,10576,0,21,21,507,277,779,563,2126,126,2831,13,2970,25,475,500,27139
Waltham Forest,2014,5,667,1413,1350,127,1543,309,5414,132,269,401,792,78,870,2003,738,2741,883,2501,216,908,801,358,3232,49,8948,0,20,20,451,145,768,422,1786,114,1440,6,1560,13,344,357,22097
Wandsworth,2014,5,458,1045,1278,93,1137,227,4243,131,246,377,823,86,909,1663,1356,3019,863,2495,168,1036,1204,1366,3356,77,10565,0,28,28,411,212,744,368,1735,112,902,10,1024,25,316,341,22241
Westminster,2014,3,995,1802,2018,196,1978,330,7322,192,403,595,2289,68,2357,1534,2429,3963,726,2708,167,3908,7851,1341,15625,115,32441,0,83,83,317,455,882,483,2137,259,3959,26,4244,43,869,912,54054
Barking and Dagenham,2013,1,190,1403,919,76,1013,159,3761,118,140,258,619,48,667,1835,705,2540,808,1659,139,688,473,304,2129,42,6242,458,237,695,459,132,702,380,1673,74,1065,1,1140,9,255,264,17240
Barnet,2013,1,159,1269,1100,55,1353,140,4077,100,200,300,1001,72,1073,3438,1368,4806,699,3031,290,1208,730,251,4184,65,10458,838,606,1444,445,241,866,422,1974,100,830,8,938,14,280,294,25364
Bexley,2013,0,109,1023,690,47,845,128,2842,43,135,178,205,37,242,997,686,1683,477,1158,117,665,177,121,1668,23,4406,290,142,432,346,141,717,341,1545,89,711,1,801,14,192,206,12335
Brent,2013,4,301,1975,1585,137,1899,292,6193,122,257,379,1369,85,1454,2800,906,3706,580,2223,177,865,906,329,3044,69,8193,723,451,1174,465,227,860,527,2079,165,3452,36,3653,28,401,429,27260
Bromley,2013,2,157,1364,1016,87,1306,168,4100,76,163,239,523,67,590,2064,1229,3293,762,1978,194,1217,391,228,3195,53,8018,362,202,564,478,238,931,514,2161,87,935,6,1028,18,237,255,20248
Camden,2013,4,245,1601,1307,109,1565,199,5030,90,241,331,994,70,1064,1483,1445,2928,592,2135,157,1213,4321,1140,8133,76,17767,754,542,1296,386,294,672,428,1780,182,1962,34,2178,21,445,466,32840
Croydon,2013,5,345,2371,1556,181,1735,328,6521,178,296,474,1877,155,2032,2908,1214,4122,922,2680,223,1611,856,267,4485,59,11103,609,449,1058,730,319,1238,640,2927,205,2169,19,2393,23,456,479,31109
Ealing,2013,5,291,2291,1764,98,2166,324,6939,112,263,375,1100,85,1185,2895,1031,3926,842,3063,235,1362,1027,795,3928,54,11306,665,416,1081,561,210,1138,554,2463,233,2019,19,2271,19,438,457,30003
Enfield,2013,3,197,1502,1127,98,1235,178,4340,109,197,306,946,137,1083,2688,1054,3742,805,2943,232,906,585,238,2803,60,8572,560,312,872,552,177,852,490,2071,111,1095,9,1215,15,305,320,22521
Greenwich,2013,5,268,1824,1299,80,1485,329,5290,88,243,331,494,56,550,1466,802,2268,603,1701,158,1172,735,346,3391,42,8148,461,270,731,619,198,830,548,2195,176,1067,4,1247,10,340,350,21110
Hackney,2013,5,288,1881,1512,118,1611,284,5699,136,241,377,1171,61,1232,1436,1118,2554,686,2490,197,704,3147,1558,4232,50,13064,429,261,690,478,222,652,459,1811,156,1849,12,2017,36,324,360,27804
Hammersmith and Fulham,2013,4,150,1281,1128,109,1434,163,4269,85,177,262,656,40,696,1115,600,1715,529,2210,137,1680,1149,1268,3477,84,10534,431,330,761,344,168,563,298,1373,111,1673,25,1809,34,329,363,21782
Haringey,2013,4,325,1858,1057,99,1114,244,4701,116,244,360,979,70,1049,2314,836,3150,871,2620,187,843,1229,393,3508,36,9687,507,313,820,581,210,808,420,2019,97,1207,7,1311,12,268,280,23377
Harrow,2013,0,144,962,734,43,867,123,2873,58,144,202,619,25,644,1877,614,2491,259,1618,88,475,317,145,1563,24,4489,361,233,594,283,127,545,311,1266,85,597,3,685,11,208,219,13463
Havering,2013,2,182,1189,777,64,988,115,3317,57,126,183,350,51,401,2102,653,2755,873,1580,161,909,397,199,2280,55,6454,272,161,433,299,131,725,376,1531,108,1026,3,1137,14,233,247,16458
Heathrow Airport,2013,0,0,58,76,64,75,14,287,3,26,29,3,1,4,0,4,4,36,70,1,299,44,14,1328,23,1815,22,83,105,1,2,47,17,67,6,78,0,84,4,299,303,2698
Hillingdon,2013,0,226,1690,1086,66,1569,233,4870,89,187,276,741,47,788,2200,893,3093,522,2147,170,1119,510,302,2666,35,7471,398,215,613,463,208,964,546,2181,104,910,2,1016,14,314,328,20636
Hounslow,2013,2,207,1665,1389,66,1679,209,5217,94,232,326,642,37,679,2116,846,2962,522,2322,176,1499,570,641,2942,41,8713,423,276,699,418,206,961,472,2057,95,1433,5,1533,14,309,323,22509
Islington,2013,5,278,1561,1362,132,1848,208,5394,88,205,293,1094,69,1163,1266,1056,2322,618,1814,136,1100,3835,1172,5195,72,13942,497,278,775,553,223,591,434,1801,262,1485,14,1761,23,391,414,27865
Kensington and Chelsea,2013,0,143,883,703,62,793,114,2698,63,142,205,618,21,639,1011,741,1752,472,1564,92,1578,1824,778,5717,40,12065,468,400,868,231,139,392,242,1004,61,1333,8,1402,20,186,206,20839
Kingston upon Thames,2013,2,109,847,518,26,645,65,2212,59,104,163,201,16,217,848,533,1381,131,616,71,950,542,444,1557,22,4333,191,115,306,176,141,494,237,1048,30,394,2,426,12,100,112,10198
Lambeth,2013,5,435,2411,1673,174,1797,332,6827,170,320,490,2431,191,2622,2577,1174,3751,926,2417,210,786,3953,1133,5800,67,15292,599,354,953,718,286,920,519,2443,143,1955,16,2114,31,389,420,34912
Lewisham,2013,6,297,1883,1460,135,1707,277,5765,132,286,418,1226,108,1334,2460,922,3382,833,2106,164,944,774,451,3426,62,8760,485,322,807,692,224,884,520,2320,168,1415,13,1596,19,326,345,24727
Merton,2013,1,104,815,680,59,783,99,2541,54,126,180,501,43,544,1288,708,1996,361,1490,108,789,360,328,1951,58,5445,260,186,446,321,145,530,272,1268,70,715,8,793,9,154,163,13376
Newham,2013,3,390,2036,1981,149,1534,365,6458,168,222,390,2151,109,2260,1983,1043,3026,1069,3050,171,1331,2352,595,4828,56,13452,898,638,1536,662,226,894,498,2280,102,1736,11,1849,26,439,465,31716
Redbridge,2013,3,173,1338,1018,68,1325,199,4124,105,149,254,919,84,1003,2651,688,3339,1236,2665,259,921,726,266,2908,47,9028,586,325,911,336,148,744,363,1591,63,1831,3,1897,16,256,272,22419
Richmond upon Thames,2013,1,89,607,518,25,745,67,2052,40,114,154,191,16,207,1186,975,2161,363,1177,123,607,253,708,1666,23,4920,234,130,364,216,137,592,249,1194,24,568,0,592,14,145,159,11803
Southwark,2013,6,399,2164,1594,197,1773,369,6502,132,293,425,2424,159,2583,1924,1287,3211,895,1911,190,1192,2664,1317,5509,96,13774,609,374,983,650,304,859,541,2354,249,2146,18,2413,22,480,502,32747
Sutton,2013,2,98,914,723,44,700,88,2569,45,164,209,254,43,297,873,645,1518,234,1436,136,837,193,119,1408,22,4385,168,97,265,246,168,578,265,1257,71,440,0,511,12,165,177,11188
Tower Hamlets,2013,3,327,1863,1671,120,1873,258,6115,122,264,386,1358,80,1438,1388,1417,2805,841,1818,118,735,1814,1468,4298,62,11154,610,332,942,522,298,792,578,2190,195,3047,9,3251,26,775,801,29082
Waltham Forest,2013,5,261,1726,1209,107,1427,247,4982,89,182,271,1176,94,1270,1965,962,2927,1100,2781,243,953,990,424,3795,37,10323,653,313,966,457,189,826,445,1917,152,1353,4,1509,21,292,313,24478
Wandsworth,2013,5,174,1236,1212,77,1186,225,4115,103,228,331,1133,122,1255,1877,1491,3368,1015,2708,236,1165,1504,1360,3999,68,12055,525,401,926,426,250,797,434,1907,127,1045,10,1182,18,288,306,25445
Westminster,2013,7,367,2450,1837,145,1928,302,7036,124,362,486,2369,106,2475,1655,2352,4007,604,2746,149,4274,9841,1629,19032,126,38401,1289,774,2063,334,445,909,489,2177,252,4350,32,4634,47,688,735,62014
Barking and Dagenham,2012,1,168,1661,1144,88,847,202,4111,99,172,271,931,99,1030,1710,726,2436,1107,1655,101,693,396,316,1931,44,6243,966,286,1252,605,173,810,502,2090,78,949,3,1030,9,332,341,18804
Barnet,2012,3,142,1384,1231,78,1194,122,4154,79,219,298,1106,85,1191,3452,1461,4913,957,3602,221,1309,693,254,3041,59,10136,1379,509,1888,558,238,1030,535,2361,95,978,3,1076,23,236,259,26276
Bexley,2012,5,108,1008,683,68,733,118,2723,35,133,168,279,38,317,937,576,1513,529,1126,70,699,157,119,1295,21,4016,448,204,652,349,116,773,434,1672,78,853,9,940,6,157,163,12164
Brent,2012,5,445,2194,1829,185,2311,325,7294,98,242,340,2093,112,2205,3062,912,3974,791,2525,136,968,1024,411,3010,91,8956,954,529,1483,575,259,953,576,2363,221,4276,32,4529,28,427,455,31599
Bromley,2012,1,235,1645,991,110,1438,153,4573,65,190,255,640,62,702,2114,1310,3424,745,2093,164,1451,306,313,2569,52,7693,1158,234,1392,545,253,1172,622,2592,147,908,4,1059,23,182,205,21895
Camden,2012,4,252,1952,1443,118,1582,207,5558,109,268,377,1335,60,1395,1859,1465,3324,645,2398,211,1413,4175,1375,8552,102,18871,700,432,1132,532,336,787,459,2114,179,2501,15,2695,34,325,359,35825
Croydon,2012,8,344,2426,1905,185,1527,285,6680,211,271,482,1645,187,1832,2836,1655,4491,997,2871,155,1691,795,456,3844,119,10928,1474,426,1900,946,378,1501,719,3544,162,2279,19,2460,16,427,443,32760
Ealing,2012,6,293,2193,2132,144,2044,325,7137,110,295,405,1378,104,1482,2750,1119,3869,882,3741,251,1479,1097,769,3115,89,11423,1722,519,2241,690,320,1397,691,3098,149,2193,15,2357,30,547,577,32589
Enfield,2012,4,139,1518,1325,162,812,172,4132,99,173,272,1024,101,1125,2630,910,3540,1083,3010,238,818,474,277,2107,61,8068,955,406,1361,709,235,1160,494,2598,148,1310,10,1468,16,343,359,22923
Greenwich,2012,3,277,2231,1342,110,1071,271,5305,90,275,365,684,72,756,1739,898,2637,685,1912,136,1118,666,413,2724,84,7738,903,346,1249,869,278,990,575,2712,163,1131,10,1304,15,353,368,22434
Hackney,2012,3,242,1880,1526,158,1313,271,5393,136,234,370,1130,92,1222,1347,850,2197,899,1918,194,746,2831,1650,4651,60,12949,529,281,810,600,248,754,509,2111,407,2109,24,2540,14,296,310,27902
Hammersmith and Fulham,2012,4,157,1275,1195,127,1381,205,4344,62,141,203,751,37,788,1631,693,2324,703,2599,144,1789,1222,1219,3430,122,11228,521,278,799,474,208,729,334,1745,98,1464,30,1592,83,298,381,23404
Haringey,2012,7,327,1914,1208,137,788,305,4686,134,197,331,1396,101,1497,2789,860,3649,1282,3043,62,875,1204,490,2718,55,9729,989,248,1237,710,244,1145,648,2747,195,1567,14,1776,13,242,255,25907
Harrow,2012,0,191,937,673,48,881,135,2865,44,126,170,672,52,724,2064,646,2710,322,1613,76,496,309,194,1483,34,4527,538,316,854,300,124,673,351,1448,61,611,5,677,4,209,213,14188
Havering,2012,0,225,1216,849,71,791,131,3283,63,132,195,459,40,499,2075,825,2900,954,1610,114,1170,313,273,2011,58,6503,737,139,876,409,185,827,417,1838,86,900,3,989,24,207,231,17314
Heathrow Airport,2012,0,1,38,67,103,51,17,277,2,29,31,4,0,4,0,7,7,41,107,0,297,55,25,1398,23,1946,62,186,248,0,22,31,23,76,4,125,1,130,2,359,361,3080
Hillingdon,2012,2,272,1911,1184,82,1691,224,5366,78,182,260,872,71,943,2705,1140,3845,645,2798,267,1123,451,336,2505,67,8192,675,263,938,526,236,1281,644,2687,118,1270,7,1395,10,299,309,23935
Hounslow,2012,0,189,1825,1720,111,1464,241,5550,89,189,278,690,29,719,2098,799,2897,705,2710,117,1389,587,734,2691,75,9008,1087,323,1410,630,229,1235,616,2710,146,1623,10,1779,22,390,412,24763
Islington,2012,4,260,1488,1440,151,1532,198,5073,107,177,284,1143,82,1225,1722,1108,2830,668,1893,173,1182,2682,1403,4722,121,12844,422,275,697,575,243,726,509,2053,133,1500,16,1649,38,333,371,27026
Kensington and Chelsea,2012,0,86,924,800,65,777,100,2752,70,108,178,586,36,622,981,688,1669,625,1677,88,1838,1216,801,5625,58,11928,398,383,781,261,157,487,270,1175,60,1425,2,1487,15,155,170,20762
Kingston upon Thames,2012,1,170,965,630,56,305,87,2214,60,105,165,239,10,249,801,522,1323,163,743,56,1064,448,558,1696,29,4757,417,149,566,189,167,498,322,1176,75,569,2,646,6,125,131,11227
Lambeth,2012,9,513,2391,1937,233,1642,398,7123,176,332,508,2896,204,3100,2800,967,3767,1005,2687,51,760,3008,1364,5758,122,14755,713,509,1222,932,299,1125,647,3003,292,2814,24,3130,30,404,434,37042
Lewisham,2012,5,272,2001,1581,177,1906,310,6252,149,287,436,1441,116,1557,2218,1044,3262,890,2192,133,1081,743,535,3114,58,8746,1296,401,1697,880,238,1186,640,2944,121,1738,14,1873,17,384,401,27168
Merton,2012,1,112,927,698,82,597,113,2530,59,124,183,617,61,678,1396,834,2230,433,1445,52,838,272,542,1583,47,5212,418,196,614,430,151,748,309,1638,65,881,11,957,15,97,112,14154
Newham,2012,2,376,2182,2028,186,1357,284,6415,177,255,432,2321,137,2458,2113,1088,3201,1495,3340,365,1314,1735,575,3771,57,12652,1109,625,1734,820,224,930,603,2577,108,2016,9,2133,24,385,409,32011
Redbridge,2012,3,161,1374,1022,110,1069,141,3880,102,185,287,1059,105,1164,2982,624,3606,1342,2955,178,1042,655,302,2450,47,8971,1156,311,1467,570,185,1145,436,2336,80,2161,7,2248,26,269,295,24254
Richmond upon Thames,2012,0,75,656,587,28,585,56,1987,40,128,168,211,15,226,978,1047,2025,322,1294,121,682,195,672,1597,23,4906,437,171,608,240,142,704,310,1396,18,561,3,582,19,97,116,12014
Southwark,2012,4,420,2377,1863,195,1444,307,6610,188,315,503,2300,176,2476,2182,1347,3529,1085,2074,104,1162,2071,1524,5453,92,13565,569,342,911,850,321,1087,765,3023,243,3089,17,3349,24,493,517,34483
Sutton,2012,0,92,894,809,58,484,106,2443,59,145,204,276,43,319,737,823,1560,279,1263,92,1000,180,189,1512,33,4548,333,74,407,360,188,765,307,1620,36,512,1,549,12,86,98,11748
Tower Hamlets,2012,5,432,1554,1827,171,1635,193,5817,138,293,431,1319,96,1415,1538,1179,2717,873,1944,87,719,1606,1342,4412,70,11053,974,426,1400,629,318,928,589,2464,226,3481,16,3723,20,423,443,29463
Waltham Forest,2012,1,276,1751,1340,115,1235,219,4937,119,199,318,1555,138,1693,2303,901,3204,1576,2789,220,865,863,487,2907,41,9748,670,529,1199,627,228,898,566,2319,138,1075,4,1217,13,249,262,24897
Wandsworth,2012,5,143,1354,1356,71,986,177,4092,117,218,335,1086,123,1209,1915,1231,3146,952,3274,134,1190,818,1454,3193,86,11101,559,362,921,546,239,1047,437,2269,68,948,5,1021,24,293,317,24411
Westminster,2012,1,423,2951,2133,197,2211,369,8285,162,445,607,1993,74,2067,1334,2140,3474,548,2454,46,4534,8868,1772,21318,128,39668,1423,918,2341,411,511,851,660,2433,174,6435,34,6643,50,737,787,66305
Barking and Dagenham,2011,1,200,1784,1156,114,1035,188,4478,81,176,257,868,69,937,1573,639,2212,1146,1714,102,787,354,266,1908,39,6316,863,346,1209,657,184,997,582,2420,94,914,6,1014,8,326,334,19177
Barnet,2011,7,136,1424,1360,102,1235,168,4432,102,200,302,896,68,964,3363,1252,4615,794,3070,203,1436,814,234,3095,54,9700,998,455,1453,588,263,1169,668,2688,89,1182,4,1275,24,253,277,25706
Bexley,2011,1,99,1061,826,76,902,97,3062,31,140,171,258,59,317,1226,689,1915,645,1152,88,726,163,129,1487,22,4412,462,136,598,473,164,936,560,2133,91,891,5,987,9,149,158,13753
Brent,2011,6,384,2261,1777,221,2154,286,7089,120,220,340,1918,99,2017,2616,1008,3624,790,2446,161,966,967,341,2627,46,8344,887,446,1333,620,274,1114,557,2565,153,3559,35,3747,24,415,439,29498
Bromley,2011,2,233,1760,1076,99,1535,139,4844,64,178,242,573,77,650,1917,1082,2999,783,2131,181,1439,315,200,2515,63,7627,1286,247,1533,640,262,1245,660,2807,93,981,8,1082,13,233,246,22030
Camden,2011,1,245,2015,1499,111,1837,170,5878,112,234,346,1191,82,1273,1670,1678,3348,691,2390,168,1306,2716,1493,8379,87,17230,661,454,1115,553,393,800,527,2273,215,2140,23,2378,27,359,386,34227
Croydon,2011,4,298,2402,1881,245,1544,256,6630,163,307,470,1462,198,1660,2897,1459,4356,1192,2939,177,1648,733,325,3790,57,10861,1342,384,1726,1044,370,1679,746,3839,148,2149,3,2300,22,424,446,32288
Ealing,2011,6,329,2400,2153,143,2675,409,8115,113,264,377,1499,103,1602,2684,1150,3834,1139,4173,180,1549,1141,724,3290,63,12259,1746,562,2308,785,291,1743,736,3555,190,2287,8,2485,26,476,502,35037
Enfield,2011,4,174,1627,1356,180,877,205,4423,129,199,328,1158,122,1280,2591,932,3523,1062,2772,166,936,477,263,2061,64,7801,833,512,1345,795,272,1265,503,2835,207,1495,0,1702,21,396,417,23654
Greenwich,2011,7,293,2279,1369,146,1130,217,5441,106,330,436,751,142,893,1792,901,2693,848,2358,172,1322,586,423,2735,55,8499,846,443,1289,1065,250,1228,648,3191,217,1070,7,1294,11,401,412,24148
Hackney,2011,4,311,1932,1558,238,1553,357,5953,133,281,414,995,85,1080,1375,1149,2524,809,2230,270,707,2257,1517,4303,67,12160,509,311,820,631,267,847,459,2204,176,2334,27,2537,33,310,343,28035
Hammersmith and Fulham,2011,3,179,1500,1318,159,1515,226,4900,86,164,250,767,72,839,1880,639,2519,651,2244,172,1844,1126,1335,3209,127,10708,484,281,765,549,238,782,398,1967,114,1713,18,1845,66,316,382,24175
Haringey,2011,7,301,2086,1224,150,841,285,4894,146,233,379,969,106,1075,2568,860,3428,1009,2657,48,971,908,491,2710,43,8837,903,365,1268,724,249,1051,601,2625,184,1656,9,1849,14,234,248,24603
Harrow,2011,2,195,964,831,54,1002,208,3256,58,113,171,398,46,444,1799,605,2404,363,1637,122,587,498,158,1618,27,5010,655,328,983,317,134,781,345,1577,56,839,3,898,8,217,225,14968
Havering,2011,1,227,1360,936,79,994,105,3702,54,165,219,370,47,417,1634,689,2323,925,1568,142,1203,440,175,2015,43,6511,699,211,910,447,208,994,486,2135,104,1048,1,1153,15,200,215,17585
Heathrow Airport,2011,0,1,71,61,73,53,11,270,0,27,27,4,0,4,0,17,17,38,92,0,235,105,14,1393,33,1910,58,198,256,3,6,41,11,61,3,46,0,49,2,356,358,2952
Hillingdon,2011,1,291,2046,1062,112,1903,275,5690,73,219,292,780,85,865,2177,1017,3194,671,2450,205,1122,485,269,2246,63,7511,818,254,1072,591,286,1535,760,3172,101,1279,6,1386,14,365,379,23561
Hounslow,2011,2,197,1921,1624,83,1598,255,5680,98,206,304,621,34,655,1663,756,2419,670,2225,127,1553,472,685,2551,54,8337,1123,320,1443,632,240,1306,598,2776,167,1685,6,1858,17,362,379,23851
Islington,2011,5,323,1705,1514,137,2027,205,5916,98,202,300,858,115,973,1512,1179,2691,846,2287,279,1406,1727,1607,4800,77,13029,516,312,828,656,233,821,456,2166,146,1711,19,1876,31,315,346,28125
Kensington and Chelsea,2011,0,108,1042,747,76,875,104,2952,43,127,170,484,49,533,1034,742,1776,532,1473,35,1833,1247,885,5223,47,11275,383,437,820,288,161,487,240,1176,104,2133,6,2243,41,197,238,21183
Kingston upon Thames,2011,0,209,960,621,39,317,84,2230,54,124,178,223,14,237,637,603,1240,187,677,43,1269,426,473,1679,13,4767,341,137,478,228,175,585,341,1329,87,456,0,543,9,139,148,11150
Lambeth,2011,10,639,2610,2115,302,1641,370,7687,206,334,540,2508,239,2747,2474,949,3423,904,2667,61,930,2279,1206,5233,90,13370,760,469,1229,964,325,1255,659,3203,176,2862,26,3064,14,431,445,35708
Lewisham,2011,8,315,2211,1729,216,2079,299,6857,134,238,372,1478,141,1619,2379,912,3291,1056,2259,170,1353,804,499,2863,51,9055,997,461,1458,1005,211,1285,647,3148,149,2331,25,2505,18,565,583,28888
Merton,2011,0,118,1090,827,84,632,124,2875,73,139,212,472,76,548,1318,946,2264,554,1355,89,884,326,423,1744,41,5416,379,136,515,453,203,809,373,1838,50,884,7,941,12,114,126,14735
Newham,2011,13,451,2481,2234,213,1304,312,7008,182,284,466,2136,145,2281,2265,1328,3593,1525,3973,376,1186,1512,537,3737,81,12927,903,721,1624,1032,268,1145,661,3106,122,2758,14,2894,20,455,475,34374
Redbridge,2011,2,167,1415,964,123,1307,162,4140,92,139,231,905,110,1015,2851,787,3638,1590,3090,197,1024,571,228,2445,46,9191,1180,341,1521,568,188,1177,411,2344,198,2014,5,2217,10,226,236,24533
Richmond upon Thames,2011,0,104,695,552,37,667,82,2137,29,109,138,158,14,172,1059,995,2054,287,1045,105,690,195,641,1513,22,4498,368,165,533,267,200,703,300,1470,35,560,1,596,32,119,151,11749
Southwark,2011,9,432,2771,2160,263,1701,373,7709,181,318,499,2209,137,2346,2030,1163,3193,1090,2356,178,1230,1699,1327,4982,79,12941,862,455,1317,915,371,1127,763,3176,364,4066,26,4456,29,607,636,36273
Sutton,2011,4,109,940,682,62,381,96,2274,61,118,179,240,45,285,771,842,1613,403,1635,172,1069,194,207,1502,26,5208,318,71,389,368,212,827,349,1756,49,534,5,588,8,117,125,12417
Tower Hamlets,2011,5,399,1981,1877,145,1720,175,6302,119,259,378,1104,59,1163,1231,1326,2557,825,2133,93,694,1366,1362,4179,62,10714,814,399,1213,750,392,1013,649,2804,431,2670,9,3110,41,386,427,28668
Waltham Forest,2011,7,248,1914,1327,138,1585,237,5456,114,175,289,1614,128,1742,2518,1064,3582,1344,2883,221,1144,896,459,3320,36,10303,857,643,1500,652,251,1064,618,2585,109,1676,3,1788,15,291,306,27551
Wandsworth,2011,1,162,1689,1646,83,1116,172,4869,85,274,359,1122,167,1289,1954,1261,3215,966,2646,144,1276,614,1329,3028,53,10056,634,262,896,696,247,1135,486,2564,109,1085,6,1200,19,287,306,24754
Westminster,2011,1,497,2958,2221,205,2403,465,8750,139,402,541,1859,76,1935,1345,1979,3324,646,2700,43,5055,6748,1837,20164,150,37343,1227,1017,2244,512,587,1027,725,2851,262,5868,56,6186,85,804,889,64063
Westminster,2010,3,521,2967,1957,241,2685,457,8831,113,399,512,1630,90,1720,1314,2219,3533,588,2508,31,5730,6661,2145,20282,213,38158,1117,1063,2180,591,616,1066,873,3146,236,4773,77,5086,89,767,856,64022
Camden,2010,2,283,1803,1323,154,2055,196,5816,76,230,306,1019,91,1110,1700,1582,3282,704,2173,204,1313,2386,1923,7383,102,16188,513,385,898,647,363,931,555,2496,247,2987,21,3255,35,382,417,33768
Islington,2010,3,353,1855,1527,152,1747,211,5848,80,186,266,869,122,991,1608,1244,2852,849,2418,278,1220,1401,1833,4264,113,12376,452,358,810,726,254,993,535,2508,174,2139,20,2333,31,381,412,28396
Hackney,2010,8,429,2240,1482,225,1774,482,6640,130,333,463,970,124,1094,1511,1054,2565,784,2251,291,664,1649,1548,3462,66,10715,529,398,927,701,227,938,512,2378,267,3231,33,3531,28,381,409,28722
Tower Hamlets,2010,10,449,1901,1793,178,1689,175,6195,94,242,336,890,44,934,1073,1034,2107,797,1672,92,724,1158,1348,3831,78,9700,665,365,1030,745,361,1106,736,2948,233,3068,16,3317,31,391,422,26989
Greenwich,2010,4,380,2341,1466,136,1417,383,6127,78,320,398,764,85,849,1914,1016,2930,892,2497,216,1263,658,413,2549,60,8548,752,467,1219,1298,296,1346,703,3643,117,1299,10,1426,22,469,491,25631
Lewisham,2010,8,385,2306,1876,246,2451,375,7647,123,249,372,1164,142,1306,2032,982,3014,946,2264,162,1420,775,580,2536,54,8737,1002,455,1457,1217,251,1531,786,3785,194,2447,11,2652,22,552,574,29544
Southwark,2010,6,682,2839,2122,322,2354,522,8847,157,311,468,1866,194,2060,1927,1405,3332,1043,2109,157,1230,1545,1509,4478,103,12174,902,575,1477,838,363,1232,741,3174,291,4410,31,4732,43,730,773,37037
Lambeth,2010,7,555,2737,1958,295,1787,460,7799,186,376,562,2169,246,2415,2871,843,3714,1063,2249,49,1020,1885,1266,4734,85,12351,521,546,1067,1161,408,1386,644,3599,200,3193,20,3413,40,511,551,35471
Wandsworth,2010,6,268,2027,1595,104,1058,182,5240,98,238,336,1117,176,1293,1870,1097,2967,975,2377,113,1185,610,1315,3224,63,9862,618,316,934,696,257,1283,545,2781,98,1619,4,1721,13,331,344,25478
Hammersmith and Fulham,2010,3,228,1490,1063,176,1497,263,4720,67,151,218,698,51,749,1347,539,1886,610,2353,130,1769,966,1293,3074,100,10295,524,290,814,592,219,758,383,1952,100,1763,19,1882,52,298,350,22866
Kensington and Chelsea,2010,0,146,976,800,71,880,105,2978,47,108,155,513,37,550,922,665,1587,508,1630,46,1806,1223,920,4766,68,10967,420,589,1009,284,157,457,277,1175,109,2083,15,2207,43,202,245,20873
Waltham Forest,2010,4,277,1918,1372,142,1898,231,5842,94,216,310,1517,135,1652,2320,1052,3372,950,3118,129,1265,784,505,2349,68,9168,991,577,1568,707,256,1276,614,2853,257,1906,4,2167,26,320,346,27278
Redbridge,2010,2,258,1482,985,125,1248,197,4297,64,167,231,787,128,915,2691,726,3417,1331,2697,159,1255,675,175,2218,55,8565,1161,396,1557,541,244,1174,498,2457,82,2266,5,2353,9,226,235,24027
Havering,2010,1,233,1322,763,80,870,122,3391,56,164,220,296,50,346,1882,908,2790,813,1214,101,1448,556,146,1949,26,6253,526,172,698,443,269,1058,517,2287,95,865,1,961,10,192,202,17148
Barking and Dagenham,2010,4,268,1926,1277,126,1376,233,5210,76,190,266,760,78,838,1772,657,2429,907,1646,80,739,383,246,1611,53,5665,881,431,1312,678,174,1161,628,2641,101,1034,1,1136,16,336,352,19849
Newham,2010,7,602,2706,2257,236,1422,244,7474,150,311,461,2075,192,2267,2360,1267,3627,1159,4477,129,1100,1367,438,3267,91,12028,996,694,1690,1090,301,1521,755,3667,124,2479,11,2614,12,400,412,34240
Bexley,2010,2,155,1280,899,107,1197,158,3798,40,138,178,231,56,287,1311,699,2010,787,1375,147,812,201,125,1398,34,4879,502,167,669,566,198,1155,676,2595,57,801,4,862,10,167,177,15455
Bromley,2010,3,272,1835,1231,143,1699,158,5341,60,220,280,522,74,596,2170,1427,3597,790,2203,259,1435,392,250,2207,66,7602,1188,260,1448,807,349,1494,666,3316,83,1194,3,1280,18,305,323,23783
Croydon,2010,7,312,2676,1897,235,1594,348,7069,171,280,451,1412,208,1620,2726,1401,4127,1217,3092,209,1711,722,412,3275,72,10710,1469,393,1862,1174,427,1967,809,4377,132,2404,12,2548,8,445,453,33217
Sutton,2010,2,156,1067,794,85,428,118,2650,58,137,195,284,54,338,756,767,1523,410,1678,142,983,294,239,1269,40,5055,370,84,454,453,241,1019,368,2081,42,546,1,589,8,132,140,13025
Merton,2010,0,183,1202,867,98,911,122,3383,48,136,184,485,69,554,1107,802,1909,536,1199,79,896,284,443,1605,41,5083,366,208,574,503,186,934,424,2047,56,871,5,932,11,157,168,14834
Kingston upon Thames,2010,1,220,986,553,28,377,97,2262,38,112,150,244,21,265,643,534,1177,189,654,53,1247,410,469,1562,21,4605,283,179,462,277,219,591,289,1376,62,492,1,555,13,147,160,11012
Richmond upon Thames,2010,0,95,716,545,39,738,108,2241,30,106,136,207,21,228,917,753,1670,275,1120,112,711,184,659,1410,26,4497,317,180,497,253,190,728,352,1523,28,582,1,611,18,104,122,11525
Hounslow,2010,0,238,1862,1484,142,1589,288,5603,79,203,282,601,44,645,2001,711,2712,640,2301,97,1259,527,595,2319,52,7790,692,312,1004,701,235,1332,634,2902,138,1698,6,1842,23,337,360,23140
Hillingdon,2010,3,442,2074,1049,98,1981,223,5870,72,226,298,630,67,697,2320,882,3202,691,3007,200,1093,522,287,1979,59,7838,893,243,1136,692,237,1543,760,3232,111,1448,2,1561,15,312,327,24161
Ealing,2010,2,500,2194,1960,137,2848,407,8048,80,257,337,1355,92,1447,2828,969,3797,1016,4024,119,1311,972,668,2681,54,10845,2018,593,2611,811,305,1669,752,3537,206,2340,12,2558,14,456,470,33650
Brent,2010,3,497,2415,1786,134,1913,271,7019,106,207,313,1695,167,1862,2791,939,3730,836,2296,103,940,1314,419,2522,45,8475,1094,432,1526,709,264,1144,632,2749,272,2686,19,2977,19,359,378,29029
Harrow,2010,3,188,1093,858,81,1028,213,3464,60,148,208,416,52,468,1686,570,2256,329,1734,131,675,461,138,1503,36,5007,656,262,918,428,195,806,438,1867,67,902,5,974,11,222,233,15395
Barnet,2010,2,193,1555,1470,123,1340,175,4858,98,219,317,859,112,971,3043,1200,4243,831,3001,194,1547,1006,295,2826,79,9779,995,520,1515,596,255,1192,671,2714,107,1453,2,1562,24,282,306,26265
Haringey,2010,5,455,2023,1141,157,986,338,5105,99,248,347,948,136,1084,2664,841,3505,896,2779,38,921,1059,440,2868,81,9082,979,332,1311,920,202,1233,637,2992,191,1846,10,2047,15,247,262,25735
Enfield,2010,2,300,1677,1352,212,834,258,4635,110,231,341,1205,120,1325,2832,1104,3936,1040,2511,73,906,592,266,2042,76,7506,616,594,1210,931,291,1542,646,3410,124,1631,7,1762,22,317,339,24464
Heathrow Airport,2010,0,2,58,69,163,68,8,368,1,32,33,4,0,4,0,9,9,35,103,0,225,90,9,1549,28,2039,68,239,307,1,10,37,14,62,8,46,0,54,1,413,414,3290
Westminster,2009,3,571,2848,1668,343,2678,458,8569,96,455,551,1782,79,1861,1491,2280,3771,589,3200,35,5086,5408,1466,21003,164,36951,1112,1137,2249,512,585,1143,904,3144,314,4991,71,5376,55,804,859,63331
Camden,2009,2,386,1667,1322,178,2198,261,6014,39,157,196,918,82,1000,1795,1701,3496,810,2622,56,1066,1430,1331,7532,125,14972,522,391,913,768,374,925,552,2619,327,4090,45,4462,26,476,502,34174
Islington,2009,8,412,1808,1509,199,1607,226,5769,69,204,273,998,98,1096,1694,1322,3016,819,2406,207,1248,1305,1294,4597,157,12033,423,309,732,735,272,1087,572,2666,329,3027,19,3375,40,396,436,29396
Hackney,2009,6,433,2096,1419,336,1713,460,6463,122,298,420,1005,98,1103,1592,1161,2753,1026,2381,308,676,1399,1242,3483,118,10633,477,365,842,679,236,943,544,2402,193,4451,34,4678,45,376,421,29715
Tower Hamlets,2009,10,515,1838,1659,174,1694,180,6070,52,257,309,992,77,1069,1077,1202,2279,898,2441,123,657,878,1064,3774,103,9938,968,345,1313,822,382,1227,699,3130,233,2908,10,3151,21,432,453,27712
Greenwich,2009,6,449,2695,1272,181,1851,287,6741,75,244,319,975,100,1075,2119,1457,3576,1153,3181,281,1369,502,345,2558,84,9473,938,457,1395,1340,270,1582,728,3920,159,1632,4,1795,10,386,396,28690
Lewisham,2009,6,412,2627,2075,264,2958,456,8798,111,257,368,1236,141,1377,1976,947,2923,1134,2706,262,1247,761,356,2799,77,9342,1050,516,1566,1185,294,1672,753,3904,154,2598,8,2760,17,494,511,31549
Southwark,2009,14,673,2729,2009,370,2629,491,8915,115,304,419,1716,198,1914,1974,1353,3327,1086,3049,175,1207,1381,1142,4961,127,13128,1474,727,2201,1090,349,1462,681,3582,322,4763,30,5115,37,633,670,39271
Lambeth,2009,12,619,2544,1877,395,1768,614,7829,145,347,492,1981,200,2181,2604,877,3481,1053,2377,56,851,1494,1090,4687,97,11705,584,435,1019,1072,375,1486,699,3632,211,3977,39,4227,50,579,629,35195
Wandsworth,2009,3,249,2081,1479,139,976,176,5103,92,244,336,1030,131,1161,1825,1065,2890,1056,2734,146,1098,638,999,3394,98,10163,598,251,849,827,322,1238,531,2918,94,1251,11,1356,25,288,313,25089
Hammersmith and Fulham,2009,1,215,1632,910,167,1806,207,4938,67,164,231,640,43,683,1720,570,2290,585,2186,48,1365,872,1079,3214,95,9444,474,279,753,648,272,807,410,2137,140,2035,21,2196,47,218,265,22937
Kensington and Chelsea,2009,0,153,1089,739,118,902,145,3146,45,126,171,470,39,509,1010,846,1856,478,1827,58,1825,1226,858,4544,88,10904,364,460,824,334,184,537,299,1354,122,2793,11,2926,32,251,283,21973
Waltham Forest,2009,10,342,1792,1458,196,1506,306,5610,53,176,229,1323,160,1483,2172,1154,3326,1102,3095,65,1009,786,336,2164,93,8650,700,404,1104,759,291,1555,585,3190,229,2114,4,2347,19,281,300,26239
Redbridge,2009,3,335,1527,892,143,1008,250,4158,62,208,270,888,147,1035,2469,929,3398,1242,2748,171,1401,562,151,2167,69,8511,1672,289,1961,568,219,1353,512,2652,80,2114,5,2199,11,226,237,24421
Havering,2009,1,217,1361,664,133,646,109,3131,45,134,179,277,64,341,1500,1011,2511,1137,1575,159,1418,443,143,1781,48,6704,1059,111,1170,560,309,1330,574,2773,60,958,1,1019,11,187,198,18026
Barking and Dagenham,2009,2,331,1892,1235,174,1428,214,5276,66,139,205,674,83,757,1414,648,2062,1034,1565,147,697,299,193,1661,48,5644,827,365,1192,817,196,1436,591,3040,59,1459,3,1521,14,278,292,19989
Newham,2009,6,530,2623,1978,324,1457,245,7163,112,214,326,1477,229,1706,1908,1233,3141,1412,4776,201,1181,1099,363,3208,119,12359,1099,610,1709,1124,278,1772,774,3948,109,2599,5,2713,17,454,471,33536
Bexley,2009,4,149,1352,871,141,799,145,3461,22,116,138,336,40,376,1430,819,2249,791,1649,140,932,191,145,1363,50,5261,469,152,621,627,253,1426,604,2910,73,921,3,997,5,166,171,16184
Bromley,2009,1,319,1866,1223,154,1830,181,5574,34,193,227,687,103,790,2040,1590,3630,1135,2984,325,1684,386,237,2537,60,9348,1026,227,1253,895,458,1986,770,4109,86,1113,2,1201,22,221,243,26375
Croydon,2009,5,385,2687,1754,310,1499,286,6926,151,246,397,1192,215,1407,2547,1497,4044,1254,2898,221,1601,605,251,3229,71,10130,1490,372,1862,1215,467,2078,797,4557,130,2899,9,3038,22,400,422,32783
Sutton,2009,4,174,1124,722,118,374,133,2649,42,146,188,279,67,346,878,813,1691,546,1554,126,983,333,245,1560,40,5387,361,95,456,571,338,1177,362,2448,41,472,3,516,7,149,156,13837
Merton,2009,3,206,1280,872,116,1065,202,3744,51,164,215,465,78,543,1110,788,1898,540,1017,56,871,273,374,1552,35,4718,495,209,704,526,212,1060,390,2188,71,828,9,908,5,219,224,15142
Kingston upon Thames,2009,0,246,912,528,61,335,109,2191,19,94,113,256,17,273,607,529,1136,303,840,101,1074,360,461,1567,37,4743,257,171,428,298,236,775,318,1627,89,552,0,641,9,136,145,11297
Richmond upon Thames,2009,0,128,631,519,66,566,102,2012,21,97,118,203,26,229,981,900,1881,379,1290,98,703,179,599,1390,27,4665,237,114,351,348,216,841,310,1715,39,725,1,765,9,140,149,11885
Hounslow,2009,3,288,1852,1456,135,1522,291,5547,71,186,257,649,50,699,1771,823,2594,810,2082,61,1343,516,570,2452,53,7887,898,298,1196,749,282,1433,590,3054,138,1980,4,2122,19,373,392,23748
Hillingdon,2009,2,337,2292,765,171,2281,291,6139,44,179,223,719,65,784,2021,1121,3142,958,2705,149,1120,486,302,2230,49,7999,1011,261,1272,824,333,1736,814,3707,108,1701,1,1810,9,334,343,25419
Ealing,2009,5,488,2197,1771,209,2508,466,7644,58,256,314,1279,77,1356,2788,1081,3869,1049,3524,83,1240,912,538,2826,60,10232,1908,483,2391,815,277,1678,678,3448,175,2883,13,3071,23,403,426,32751
Brent,2009,8,520,2205,1505,222,1826,202,6488,91,195,286,1598,83,1681,2535,939,3474,748,2318,69,748,1126,275,2451,56,7791,1045,379,1424,691,247,1117,614,2669,110,2985,17,3112,10,293,303,27228
Harrow,2009,2,184,1116,736,98,771,220,3127,42,120,162,491,55,546,1599,731,2330,422,1586,128,800,413,138,1518,41,5046,580,192,772,454,159,869,391,1873,61,920,2,983,11,198,209,15048
Barnet,2009,3,278,1610,1509,146,1461,177,5184,39,208,247,794,98,892,2609,1151,3760,1006,3429,216,1640,825,156,2845,79,10196,988,487,1475,633,307,1399,625,2964,91,1227,2,1320,25,311,336,26374
Haringey,2009,7,402,2055,1121,229,1144,354,5312,62,214,276,993,145,1138,2869,907,3776,1079,3157,67,761,953,295,2746,111,9169,1052,399,1451,1019,251,1399,693,3362,251,2343,14,2608,22,271,293,27385
Enfield,2009,6,261,1669,1117,181,794,205,4233,59,194,253,1020,123,1143,3051,934,3985,1173,2891,86,923,498,175,2029,121,7896,665,434,1099,870,328,1694,627,3519,148,1971,10,2129,17,251,268,24525
Heathrow Airport,2009,0,5,53,84,251,81,16,490,5,35,40,1,0,1,0,20,20,26,119,1,280,88,3,1760,30,2307,43,272,315,0,11,36,16,63,5,103,0,108,1,471,472,3816
Westminster,2008,6,265,3075,1986,329,2340,435,8436,87,467,554,1562,83,1645,1439,2142,3581,776,3299,26,3904,6496,1420,21767,177,37865,452,1662,2114,524,635,1247,794,3200,306,5366,61,5733,64,742,806,63934
Camden,2008,5,162,1802,1666,163,1727,274,5799,41,199,240,1241,92,1333,2304,1559,3863,855,3865,21,969,2262,1111,8043,112,17238,197,548,745,782,361,1314,524,2981,224,2507,63,2794,15,390,405,35398
Islington,2008,4,124,2020,1312,201,1455,248,5364,68,205,273,1119,86,1205,2113,1232,3345,838,3152,88,915,1687,1301,5480,122,13583,111,353,464,837,285,1319,475,2916,154,2595,14,2763,29,286,315,30228
Hackney,2008,7,198,2523,1467,406,1927,525,7053,94,281,375,1202,111,1313,1837,928,2765,1275,2728,116,732,1537,1127,4225,122,11862,278,618,896,977,291,1290,500,3058,176,4308,27,4511,47,361,408,32241
Tower Hamlets,2008,2,297,2508,1642,239,1794,219,6701,68,286,354,1305,62,1367,1585,1180,2765,1161,3004,63,710,1117,1109,4762,101,12027,408,490,898,825,367,1556,578,3326,136,2812,14,2962,41,451,492,30892
Greenwich,2008,8,160,2509,1875,172,2208,338,7270,76,248,324,1173,121,1294,2194,1226,3420,1453,3189,160,1082,544,400,3280,57,10165,443,811,1254,1468,349,2069,623,4509,136,1858,9,2003,17,361,378,30617
Lewisham,2008,4,143,3045,1910,244,2482,548,8376,101,269,370,1501,166,1667,2211,938,3149,1545,2301,107,1052,931,331,2994,85,9346,657,789,1446,1244,302,1805,632,3983,141,2154,4,2299,19,400,419,31055
Southwark,2008,8,340,2917,1979,342,2632,646,8864,93,254,347,2014,167,2181,2635,1505,4140,1257,3227,99,1044,1509,974,5721,135,13966,1035,984,2019,1067,375,1751,596,3789,228,3834,23,4085,45,593,638,40029
Lambeth,2008,23,243,3006,1708,395,1724,565,7664,99,314,413,2206,222,2428,2837,854,3691,1207,2614,110,775,1720,777,5065,160,12428,252,555,807,1413,408,1623,564,4008,268,3445,54,3767,36,613,649,35855
Wandsworth,2008,3,157,2220,1372,156,1045,289,5242,90,253,343,1223,168,1391,2340,1015,3355,1269,2915,159,994,827,1114,3755,133,11166,487,412,899,845,280,1376,512,3013,93,1519,3,1615,42,233,275,27299
Hammersmith and Fulham,2008,4,95,1733,885,179,1802,285,4983,54,193,247,804,53,857,1947,687,2634,561,2895,69,986,898,834,3038,100,9381,251,347,598,596,274,1031,366,2267,103,1857,23,1983,26,243,269,23219
Kensington and Chelsea,2008,0,91,1145,716,163,928,125,3168,31,123,154,627,32,659,1086,697,1783,566,2360,46,1801,1386,820,5511,74,12564,168,491,659,423,206,628,294,1551,73,2638,10,2721,47,179,226,23485
Waltham Forest,2008,5,137,2349,1281,189,1217,245,5423,58,156,214,1361,110,1471,1746,1177,2923,1373,2987,48,896,751,378,2384,91,8908,411,624,1035,755,305,1773,453,3286,86,2086,1,2173,11,307,318,25751
Redbridge,2008,5,110,1761,757,143,1237,223,4236,50,150,200,815,110,925,1963,925,2888,1293,2579,169,1131,509,142,2068,45,7936,902,538,1440,514,226,1303,378,2421,94,2207,1,2302,6,190,196,22544
Havering,2008,3,110,1417,719,122,606,146,3123,34,98,132,265,47,312,1101,1120,2221,1150,1593,123,1157,358,122,1728,52,6283,647,253,900,576,366,1475,510,2927,32,1122,2,1156,6,140,146,17200
Barking and Dagenham,2008,3,129,1969,1168,189,1322,173,4953,51,237,288,556,63,619,856,699,1555,1254,1784,95,584,287,179,1935,56,6174,618,578,1196,810,260,1585,538,3193,62,1251,2,1315,10,233,243,19536
Newham,2008,10,236,3245,2336,286,1194,405,7712,117,223,340,2106,251,2357,2074,1064,3138,1719,5192,138,1087,1243,308,3377,95,13159,1014,900,1914,1038,286,2037,664,4025,104,2280,3,2387,20,396,416,35448
Bexley,2008,2,72,1438,851,100,647,118,3228,21,132,153,361,31,392,1244,936,2180,852,1572,135,737,223,158,1880,41,5598,417,297,714,672,317,1832,621,3442,47,888,2,937,10,157,167,16811
Bromley,2008,6,102,2139,1078,119,1445,157,5046,35,209,244,650,126,776,1801,1533,3334,1146,2522,211,1357,503,199,2721,68,8727,829,301,1130,1000,532,2337,783,4652,103,961,4,1068,18,200,218,25195
Croydon,2008,9,134,2861,1634,251,1199,282,6370,84,288,372,1474,203,1677,2224,1457,3681,1445,2428,128,1190,596,262,3194,94,9337,1124,492,1616,1300,557,2235,623,4715,97,2357,12,2466,7,346,353,30587
Sutton,2008,2,87,1226,710,82,325,127,2559,28,126,154,322,57,379,812,733,1545,622,1694,98,878,271,193,1499,36,5291,174,152,326,554,347,1217,368,2486,36,421,2,459,4,137,141,13340
Merton,2008,3,70,1437,741,158,1046,215,3670,45,157,202,444,95,539,910,697,1607,636,1211,83,799,264,307,1600,45,4945,281,383,664,517,251,1048,345,2161,58,955,4,1017,13,207,220,15025
Kingston upon Thames,2008,1,47,1261,622,81,432,131,2575,28,122,150,259,26,285,503,566,1069,303,971,76,969,410,516,1920,40,5205,156,212,368,339,248,888,305,1780,100,574,2,676,5,163,168,12276
Richmond upon Thames,2008,0,21,813,553,36,422,85,1930,16,133,149,263,24,287,1034,898,1932,395,1241,130,647,147,642,1668,36,4906,136,153,289,295,294,839,312,1740,19,712,2,733,14,93,107,12073
Hounslow,2008,2,105,2056,1404,125,1295,365,5352,70,197,267,780,56,836,1613,914,2527,933,2407,68,1152,494,543,2342,39,7978,605,467,1072,812,373,1630,635,3450,124,1735,3,1862,14,265,279,23623
Hillingdon,2008,3,127,2614,803,124,1945,266,5882,24,226,250,697,96,793,2250,1111,3361,1216,3265,7,1062,507,297,2207,60,8621,676,393,1069,925,472,2032,781,4210,230,1698,4,1932,15,266,281,26399
Ealing,2008,5,221,2529,1694,221,2457,595,7722,38,269,307,1438,111,1549,3048,1203,4251,1379,3913,155,1078,935,418,2983,98,10959,759,516,1275,850,331,2198,565,3944,151,3369,23,3543,19,394,413,33963
Brent,2008,5,161,2278,1487,222,1462,315,5930,96,247,343,2030,155,2185,2553,867,3420,1049,2911,16,607,1298,305,2501,90,8777,619,508,1127,677,265,1511,458,2911,267,2829,11,3107,23,303,326,28126
Harrow,2008,1,85,1118,660,83,512,117,2576,42,126,168,469,59,528,1541,754,2295,548,1768,26,555,537,121,1562,24,5141,355,251,606,394,213,814,349,1770,57,794,1,852,5,133,138,14074
Barnet,2008,3,70,1795,1480,125,1526,241,5240,51,218,269,843,114,957,2694,1405,4099,1193,3450,119,1483,602,194,3062,60,10163,525,449,974,704,420,1703,528,3355,68,1219,5,1292,14,282,296,26645
Haringey,2008,4,121,2427,1033,237,1162,390,5374,70,226,296,1356,147,1503,2877,844,3721,1234,3358,54,816,1736,343,3302,169,11012,669,638,1307,1097,336,1582,688,3703,218,2065,5,2288,13,270,283,29487
Enfield,2008,10,153,1608,1151,233,856,225,4236,57,189,246,1175,111,1286,2465,1170,3635,1380,3005,130,949,625,231,2268,121,8709,291,580,871,946,309,1885,516,3656,104,2257,8,2369,14,253,267,25275
Heathrow Airport,2008,0,1,114,107,394,64,6,686,2,26,28,4,0,4,0,21,21,23,154,0,322,95,7,2120,15,2736,27,292,319,1,8,39,17,65,4,86,0,90,3,450,453,4402
Westminster,2007,4,243,3063,2229,339,2050,486,8414,131,441,572,1697,59,1756,1448,2353,3801,735,3567,34,4035,6299,1277,24061,268,40276,1847,419,2266,516,621,1201,732,3070,308,4877,49,5234,105,773,878,66267
Camden,2007,7,172,2351,1768,192,1742,354,6586,70,269,339,1516,81,1597,2515,1807,4322,1200,4328,25,1157,3912,1329,9637,105,21693,986,152,1138,941,515,1741,603,3800,375,2015,55,2445,37,478,515,42435
Islington,2007,6,207,2403,1383,186,1788,316,6289,89,205,294,1381,107,1488,2450,1278,3728,1192,3581,113,953,2466,1682,6728,60,16775,1267,120,1387,928,352,1621,532,3433,153,1380,7,1540,34,280,314,35248
Hackney,2007,11,251,2425,1793,378,1711,579,7148,109,276,385,1570,115,1685,1841,846,2687,1390,2836,147,734,1756,1167,4368,123,12521,654,132,786,1028,319,1355,440,3142,241,2199,26,2466,35,305,340,31160
Tower Hamlets,2007,3,277,2696,1899,292,2209,351,7727,103,300,403,1829,79,1908,1638,1252,2890,1289,2965,80,637,1227,1061,5104,121,12484,787,108,895,924,418,1651,530,3523,199,1985,14,2198,63,536,599,32627
Greenwich,2007,3,211,2280,2384,212,2092,304,7486,107,254,361,1382,97,1479,1929,1312,3241,1420,2195,171,1037,536,395,2936,43,8733,1725,196,1921,1538,484,2332,653,5007,113,1202,2,1317,26,258,284,29829
Lewisham,2007,4,138,3396,1832,292,1933,467,8062,106,305,411,2477,158,2635,2492,1087,3579,1686,2171,105,1004,1096,362,3095,102,9621,1532,227,1759,1285,325,1779,663,4052,192,1445,7,1644,24,363,387,32150
Southwark,2007,10,270,2885,2139,303,2154,674,8435,118,337,455,2477,218,2695,2373,1714,4087,1492,3409,149,1104,1504,1248,5703,98,14707,1829,250,2079,1117,454,1824,636,4031,286,2366,10,2662,27,535,562,39713
Lambeth,2007,15,300,3333,1951,481,1702,562,8344,127,341,468,2674,237,2911,2774,911,3685,1293,2896,121,884,1963,1022,5552,120,13851,922,138,1060,1430,479,1938,616,4463,457,2958,38,3453,44,589,633,38868
Wandsworth,2007,9,124,2334,1490,160,1271,259,5647,81,261,342,1636,88,1724,2634,1309,3943,1167,3109,85,1362,1006,1357,3689,52,11827,1024,115,1139,831,359,1292,474,2956,88,2092,11,2191,31,239,270,30039
Hammersmith and Fulham,2007,4,97,1904,1127,170,1475,277,5054,62,147,209,1108,64,1172,2118,614,2732,624,3477,91,1079,1316,1046,3624,71,11328,714,102,816,664,284,1084,349,2381,98,1286,6,1390,33,219,252,25334
Kensington and Chelsea,2007,1,100,1170,932,122,1156,116,3597,49,152,201,764,23,787,1385,797,2182,786,2368,17,1472,1472,758,6369,66,13308,598,206,804,428,241,766,271,1706,179,1319,13,1511,48,184,232,24328
Waltham Forest,2007,4,152,2602,1381,207,1396,310,6052,74,166,240,1802,152,1954,1854,1262,3116,1448,3743,99,857,926,366,2719,89,10247,1396,160,1556,801,386,1869,454,3510,67,1831,5,1903,6,343,349,28927
Redbridge,2007,1,133,2024,716,149,1054,246,4323,52,152,204,1206,147,1353,2107,946,3053,1384,3190,215,1030,596,168,2795,42,9420,2091,131,2222,527,293,1459,369,2648,80,1132,1,1213,9,201,210,24646
Havering,2007,5,146,1682,822,140,675,169,3639,38,109,147,469,80,549,1175,1336,2511,1237,2442,120,1190,497,130,1982,38,7636,1219,46,1265,667,506,1640,608,3421,49,610,0,659,7,163,170,19997
Barking and Dagenham,2007,6,139,2148,1116,191,1354,196,5150,68,195,263,704,101,805,1196,921,2117,1159,1839,93,610,362,174,2223,80,6540,1332,253,1585,1006,345,1782,563,3696,110,873,2,985,21,222,243,21384
Newham,2007,13,219,3268,2028,345,1304,401,7578,96,264,360,2273,247,2520,2155,1216,3371,1885,4519,157,934,1297,275,3921,103,13091,2146,268,2414,1201,311,2130,548,4190,211,1439,7,1657,20,396,416,35597
Bexley,2007,2,92,1748,996,117,675,112,3742,35,146,181,388,60,448,1105,971,2076,896,1191,109,884,158,115,1527,37,4917,742,91,833,777,449,1920,885,4031,54,500,2,556,10,203,213,16997
Bromley,2007,3,96,2464,1222,162,1618,132,5697,46,215,261,990,125,1115,1996,1592,3588,1176,3064,193,1674,442,212,2870,53,9684,1234,92,1326,1138,691,2746,951,5526,61,928,7,996,8,223,231,28424
Croydon,2007,3,147,3133,1772,272,1145,269,6741,97,257,354,1653,176,1829,2099,1365,3464,1515,2670,181,1262,682,264,3618,59,10251,1929,144,2073,1334,585,2442,653,5014,98,1409,8,1515,14,255,269,31510
Sutton,2007,2,110,1416,832,102,406,121,2989,33,106,139,374,39,413,657,794,1451,619,1662,124,1199,255,232,1627,42,5760,507,51,558,549,561,1537,599,3246,44,623,0,667,6,179,185,15408
Merton,2007,5,89,1480,742,128,727,190,3361,42,135,177,549,49,598,997,831,1828,712,1388,56,802,316,320,2352,25,5971,852,94,946,554,300,1207,423,2484,46,433,2,481,14,218,232,16078
Kingston upon Thames,2007,2,61,1573,615,86,556,110,3003,28,124,152,281,21,302,515,523,1038,300,870,61,1018,356,479,2076,26,5186,405,40,445,366,407,1105,412,2290,47,502,3,552,8,129,137,13105
Richmond upon Thames,2007,2,43,945,590,61,387,94,2122,24,105,129,387,21,408,1053,1032,2085,433,1578,182,774,174,739,1718,18,5616,246,47,293,393,399,1078,398,2268,35,367,0,402,15,70,85,13408
Hounslow,2007,4,113,2177,1472,117,1291,328,5502,78,196,274,822,47,869,1671,923,2594,1029,3085,83,1127,499,569,2528,38,8958,1106,111,1217,805,416,1945,616,3782,74,925,6,1005,13,271,284,24485
Hillingdon,2007,7,192,2627,821,149,1836,279,5911,35,220,255,874,100,974,1874,1308,3182,1678,3729,9,1363,568,247,2358,31,9983,934,92,1026,969,579,2474,788,4810,114,1526,7,1647,8,348,356,28144
Ealing,2007,9,273,2861,1783,234,1964,517,7641,56,263,319,2280,79,2359,2693,1264,3957,1758,4910,152,1328,1102,448,3349,70,13117,1227,173,1400,1103,488,2692,698,4981,108,2366,9,2483,20,457,477,36734
Brent,2007,4,193,2460,1546,242,1474,297,6216,93,243,336,2036,108,2144,2289,1041,3330,1279,3343,20,642,1530,259,3211,46,10330,1353,134,1487,756,375,1680,489,3300,155,2785,9,2949,14,368,382,30474
Harrow,2007,2,70,1183,864,81,511,159,2870,45,155,200,728,41,769,1334,625,1959,556,2104,47,692,660,121,2004,15,6199,769,81,850,464,180,1079,351,2074,55,669,0,724,6,186,192,15837
Barnet,2007,5,116,2138,1410,163,1427,253,5512,67,234,301,935,128,1063,2467,1437,3904,1356,3938,174,1914,425,247,3715,49,11818,1934,142,2076,778,463,2061,647,3949,96,918,1,1015,19,263,282,29920
Haringey,2007,4,171,2634,1082,213,1119,428,5651,76,220,296,1804,142,1946,2709,850,3559,1376,3081,42,1026,1902,392,3606,93,11518,1508,146,1654,934,318,1525,519,3296,239,2107,5,2351,9,315,324,30595
Enfield,2007,2,155,2090,1426,252,1133,284,5342,66,175,241,1385,122,1507,2390,1248,3638,1493,2683,181,843,611,179,2987,84,9061,1097,80,1177,1022,345,1882,492,3741,122,1968,9,2099,11,241,252,27058
Heathrow Airport,2007,0,2,70,152,216,72,12,524,3,33,36,9,0,9,0,30,30,36,206,5,317,58,8,2626,31,3287,172,332,504,2,13,79,23,117,5,52,0,57,3,486,489,5053
Westminster,2006,8,316,3153,2519,463,2517,469,9445,102,636,738,1518,59,1577,1692,2466,4158,931,3289,41,4346,6934,1453,26607,275,43876,3418,307,3725,639,773,1207,628,3247,264,3627,41,3932,113,771,884,71582
Camden,2006,21,211,2454,2029,198,1936,521,7370,67,392,459,1212,48,1260,2511,1597,4108,1086,3626,12,1470,3132,1521,10329,134,21310,1850,102,1952,1072,595,1566,490,3723,327,1389,21,1737,37,280,317,42236
Islington,2006,2,228,2559,1382,257,2066,508,7002,76,270,346,1307,105,1412,2278,1405,3683,1196,4668,123,1027,2572,1821,6598,64,18069,911,50,961,1088,449,1912,468,3917,167,1190,4,1361,53,246,299,37050
Hackney,2006,6,256,2704,2199,414,1343,549,7471,136,327,463,1778,78,1856,2467,1080,3547,1749,3637,112,686,2203,1111,4891,113,14502,920,95,1015,1125,328,1457,389,3299,310,1805,10,2125,42,310,352,34630
Tower Hamlets,2006,0,256,2782,1725,249,1967,476,7455,85,316,401,1604,71,1675,2108,1359,3467,1570,3642,73,728,1403,1307,5005,68,13796,1348,42,1390,1101,457,1679,483,3720,136,1272,6,1414,34,404,438,33756
Greenwich,2006,4,194,2863,2336,241,1786,289,7713,120,250,370,1145,84,1229,1952,1257,3209,1611,2498,240,1435,690,451,3325,47,10297,1529,130,1659,1799,558,2298,740,5395,145,1064,5,1214,17,251,268,31354
Lewisham,2006,9,164,3870,1828,266,1889,437,8463,85,295,380,2161,143,2304,2309,1215,3524,1759,2413,37,1086,1188,492,3714,55,10744,1598,125,1723,1511,442,2089,520,4562,209,1151,5,1365,11,311,322,33387
Southwark,2006,7,360,3741,2096,398,1774,689,9065,126,331,457,2791,190,2981,2439,1704,4143,1554,3918,115,1122,1688,1191,6351,74,16013,1716,121,1837,1226,507,1554,605,3892,323,2122,13,2458,37,549,586,41432
Lambeth,2006,7,292,3708,2251,566,1597,570,8991,139,438,577,2759,239,2998,2834,1050,3884,1368,3250,79,924,2560,1196,6508,105,15990,1146,99,1245,1744,483,2013,529,4769,332,2625,23,2980,61,473,534,41968
Wandsworth,2006,5,155,2484,1641,175,1386,293,6139,61,267,328,1565,103,1668,2154,954,3108,1249,3087,64,1366,1179,1346,3882,53,12226,1530,59,1589,1015,446,1587,461,3509,110,1151,2,1263,25,275,300,30130
Hammersmith and Fulham,2006,2,142,1832,1144,190,1469,262,5041,56,167,223,1244,41,1285,2240,812,3052,779,3273,60,1080,1324,1017,4043,94,11670,909,33,942,783,323,1122,264,2492,60,851,3,914,31,211,242,25861
Kensington and Chelsea,2006,4,64,1255,1002,120,776,104,3325,42,169,211,876,30,906,1559,885,2444,772,2330,10,1699,1799,919,6221,40,13790,1087,29,1116,465,240,828,256,1789,187,771,10,968,36,146,182,24731
Waltham Forest,2006,7,191,2653,1670,259,1763,288,6831,84,194,278,2273,119,2392,1962,1169,3131,1643,3155,206,1092,1100,271,2991,66,10524,1490,64,1554,1000,481,1759,431,3671,144,1321,3,1468,14,280,294,30143
Redbridge,2006,6,102,1907,813,166,700,282,3976,46,161,207,1249,80,1329,2237,1045,3282,1575,2874,266,1164,681,203,3257,45,10065,1886,62,1948,695,372,1395,330,2792,119,718,1,838,12,230,242,24679
Havering,2006,2,161,1847,1041,100,853,168,4172,49,164,213,393,66,459,1091,1362,2453,1457,2761,110,1285,669,178,2258,24,8742,1518,18,1536,699,596,1647,596,3538,75,429,1,505,14,140,154,21772
Barking and Dagenham,2006,4,143,2441,1191,153,1190,166,5288,66,192,258,695,80,775,1119,802,1921,1412,1883,89,680,415,220,2454,41,7194,1684,116,1800,1098,429,1871,555,3953,73,569,5,647,14,212,226,22062
Newham,2006,12,249,3417,1932,343,1946,523,8422,112,277,389,2310,191,2501,2680,1432,4112,2311,4679,197,1112,1568,336,4274,46,14523,2308,130,2438,1383,414,2011,478,4286,368,1645,3,2016,17,316,333,39020
Bexley,2006,3,119,1887,1130,145,959,130,4373,36,163,199,421,52,473,1207,1159,2366,1057,1756,187,985,218,133,1764,36,6136,1020,56,1076,980,761,2155,786,4682,57,452,3,512,9,185,194,20011
Bromley,2006,2,111,2683,1155,107,1302,139,5499,54,239,293,816,85,901,2113,1813,3926,1556,3287,279,1726,688,225,3245,32,11038,1918,42,1960,1216,926,3081,1018,6241,171,590,1,762,9,164,173,30793
Croydon,2006,10,187,3069,2299,225,1704,269,7763,113,239,352,1711,134,1845,2291,1291,3582,1788,2699,289,1597,1038,325,4239,42,12017,2843,57,2900,1411,646,2312,710,5079,139,905,4,1048,6,267,273,34859
Sutton,2006,0,100,1311,836,104,660,150,3161,39,151,190,387,24,411,669,811,1480,774,1568,71,1048,253,307,2065,30,6116,968,28,996,627,571,1416,556,3170,23,403,2,428,5,120,125,16077
Merton,2006,3,71,1659,853,175,737,166,3664,39,165,204,587,38,625,1024,772,1796,819,1476,18,997,369,530,2523,18,6750,934,38,972,644,375,1201,447,2667,56,385,3,444,13,164,177,17299
Kingston upon Thames,2006,2,68,1712,740,94,493,131,3240,42,134,176,316,21,337,626,562,1188,336,938,47,1152,433,859,2364,14,6143,722,31,753,454,443,1456,432,2785,84,340,1,425,8,86,94,15141
Richmond upon Thames,2006,2,50,1082,595,74,441,101,2345,20,119,139,424,31,455,1391,1004,2395,478,1462,73,640,251,765,1945,26,5640,489,28,517,483,648,1259,630,3020,25,264,0,289,12,79,91,14891
Hounslow,2006,4,131,2396,1581,151,1704,467,6434,71,213,284,783,58,841,1848,1134,2982,1203,3032,147,1173,586,613,2946,24,9724,1936,65,2001,937,469,1886,612,3904,124,693,0,817,13,233,246,27233
Hillingdon,2006,3,152,2752,1073,148,1826,307,6261,45,257,302,784,92,876,1847,1290,3137,1481,3035,5,1412,713,367,2644,30,9687,1132,40,1172,1048,729,2632,894,5303,95,1320,5,1420,9,210,219,28377
Ealing,2006,8,192,3189,2081,221,1752,435,7878,101,225,326,1886,126,2012,3277,1722,4999,2004,4504,65,1420,1081,584,3780,38,13476,1742,58,1800,1262,621,2333,600,4816,152,1374,6,1532,30,426,456,37295
Brent,2006,10,192,3043,1918,315,2263,512,8253,97,222,319,2247,108,2355,2557,1347,3904,1577,3246,40,942,1438,326,3744,58,11371,1788,125,1913,975,403,1770,462,3610,255,2835,4,3094,18,303,321,35140
Harrow,2006,2,84,1112,958,91,600,181,3028,37,119,156,828,34,862,1614,832,2446,636,2162,37,709,680,140,2466,19,6849,1218,55,1273,469,321,1162,270,2222,36,466,0,502,5,138,143,17481
Barnet,2006,4,116,2357,1639,125,1922,230,6393,70,239,309,1131,95,1226,2794,1569,4363,1994,4320,292,2099,996,398,5062,39,15200,1955,49,2004,1003,493,2269,645,4410,65,682,3,750,17,199,216,34871
Haringey,2006,4,234,3019,1347,368,1425,525,6922,110,314,424,1919,105,2024,2851,990,3841,1902,3090,97,1433,1985,405,4451,129,13492,2032,110,2142,1130,429,1837,465,3861,443,1784,5,2232,39,390,429,35367
Enfield,2006,5,144,1719,1911,209,1055,213,5256,72,221,293,1354,100,1454,2433,1411,3844,1801,2496,199,1084,763,226,3066,68,9703,1495,33,1528,1151,435,1844,516,3946,102,1062,7,1171,12,266,278,27473
Heathrow Airport,2006,0,2,62,181,286,78,16,625,0,29,29,7,0,7,0,35,35,35,255,0,321,80,2,2972,49,3714,464,418,882,3,13,94,20,130,8,41,1,50,7,545,552,6024
Westminster,2005,5,304,2805,3317,816,2623,584,10454,113,659,772,1439,66,1505,1886,2611,4497,1086,3467,29,4070,8289,1347,29741,334,48363,4908,254,5162,818,914,1524,669,3925,380,3252,41,3673,128,859,987,79338
Camden,2005,8,220,2264,2484,274,1942,464,7656,68,467,535,1277,38,1315,2391,1780,4171,1287,3795,23,1437,2499,1337,12151,131,22660,3078,92,3170,1138,668,1759,488,4053,339,1176,32,1547,61,264,325,45432
Islington,2005,7,200,2335,2019,292,2158,606,7617,93,275,368,1161,83,1244,2451,1230,3681,1340,3678,29,1006,2391,1745,7549,84,17822,1422,66,1488,1356,523,1970,453,4302,291,796,7,1094,36,304,340,37956
Hackney,2005,9,231,2261,2556,468,1281,483,7289,132,322,454,1854,72,1926,2733,1164,3897,1814,3640,72,557,2065,980,5521,113,14762,1575,87,1662,1534,428,1739,385,4086,290,1802,13,2105,38,273,311,36492
Tower Hamlets,2005,6,228,1958,2906,325,2050,422,7895,85,325,410,1346,111,1457,1699,1371,3070,1843,3437,34,755,1289,1156,6703,85,15302,2239,54,2293,1466,611,1895,455,4427,126,968,5,1099,47,329,376,36329
Greenwich,2005,8,177,2216,3071,226,1792,380,7870,99,253,352,1096,76,1172,1806,1164,2970,1880,2235,21,1451,605,275,3712,50,10229,1598,88,1686,2202,613,2070,665,5550,150,781,6,937,20,400,420,31186
Lewisham,2005,5,174,2627,2647,366,1504,535,7858,96,311,407,1684,99,1783,2611,1167,3778,1875,2071,26,1242,1162,346,4177,82,10981,3512,87,3599,1519,495,2118,511,4643,326,1081,13,1420,25,339,364,34833
Southwark,2005,9,274,3398,2727,438,1789,703,9338,126,353,479,2277,129,2406,2694,1717,4411,2359,3605,242,1084,1689,1070,6737,135,16921,2603,118,2721,1889,670,2248,607,5414,222,1375,11,1608,47,426,473,43771
Lambeth,2005,10,298,2808,3383,517,1979,818,9813,146,456,602,2922,99,3021,3105,1045,4150,1651,3349,50,1004,2503,952,7723,169,17401,1944,128,2072,1975,558,2379,567,5479,329,2366,33,2728,63,455,518,45784
Wandsworth,2005,4,140,2020,1917,234,1246,337,5898,64,269,333,1407,68,1475,2675,941,3616,1259,2867,44,1408,999,1217,4937,57,12788,2096,85,2181,1255,551,1891,523,4220,83,727,8,818,37,275,312,31641
Hammersmith and Fulham,2005,3,149,1218,1708,205,1027,312,4622,63,163,226,1340,46,1386,2214,809,3023,925,3605,49,1030,1517,1085,4501,66,12778,949,54,1003,886,413,1378,273,2950,92,771,9,872,41,238,279,27139
Kensington and Chelsea,2005,9,61,1006,1282,123,673,118,3272,36,282,318,761,31,792,1680,900,2580,872,2439,16,1715,1806,877,7195,49,14969,1458,73,1531,556,316,963,264,2099,355,679,12,1046,39,166,205,26812
Waltham Forest,2005,3,155,1702,2358,313,1444,266,6241,55,184,239,1714,82,1796,1838,1306,3144,1590,3098,17,990,1338,227,3615,67,10942,1821,68,1889,1160,523,1988,374,4045,48,886,3,937,6,252,258,29491
Redbridge,2005,4,159,1458,1647,149,914,359,4690,72,209,281,1168,73,1241,1811,1247,3058,1808,3053,25,1065,639,141,3588,28,10347,2201,43,2244,802,519,1803,472,3596,48,441,1,490,12,214,226,26173
Havering,2005,0,99,1274,1715,155,771,177,4191,30,129,159,351,91,442,903,1412,2315,1527,1999,32,1221,574,181,2152,26,7712,1675,16,1691,751,767,2121,623,4262,51,454,0,505,14,140,154,21431
Barking and Dagenham,2005,8,132,2034,1634,184,1008,224,5224,74,170,244,661,78,739,1159,1016,2175,1610,1540,25,619,462,215,2170,50,6691,1794,38,1832,1231,464,1721,458,3874,35,379,4,418,18,227,245,21442
Newham,2005,9,252,3105,2313,336,1401,561,7977,151,298,449,1765,174,1939,1942,1468,3410,2202,3853,26,1060,1508,312,4509,126,13596,3015,121,3136,1491,403,2084,472,4450,179,945,10,1134,33,336,369,36460
Bexley,2005,2,96,1471,1361,124,833,242,4129,48,207,255,373,29,402,983,1003,1986,1179,1406,164,918,219,144,1515,45,5590,1053,45,1098,1073,778,2147,722,4720,61,433,6,500,8,171,179,18859
Bromley,2005,3,112,2313,1657,146,1341,190,5762,57,251,308,657,72,729,1917,1859,3776,1547,2606,147,1774,601,284,3394,37,10390,2190,27,2217,1651,998,2905,1073,6627,174,542,8,724,24,204,228,30761
Croydon,2005,10,227,2947,2878,282,1767,493,8604,90,321,411,1418,78,1496,2145,1085,3230,1891,2644,192,1614,902,294,3987,41,11565,3052,69,3121,1626,866,2271,711,5474,97,680,5,782,18,303,321,35004
Sutton,2005,1,95,1087,1302,93,855,122,3555,31,139,170,203,28,231,701,728,1429,779,1577,20,912,207,263,2058,27,5843,1279,16,1295,885,708,1533,778,3904,42,337,0,379,9,127,136,16942
Merton,2005,0,99,1367,1185,154,836,159,3800,45,171,216,419,40,459,974,790,1764,869,1224,143,862,319,503,2480,23,6423,1135,82,1217,762,531,1164,439,2896,43,302,1,346,6,154,160,17281
Kingston upon Thames,2005,2,66,1417,1064,83,750,138,3520,37,144,181,238,19,257,456,528,984,386,800,51,1222,448,784,2592,8,6291,1111,29,1140,534,604,1221,476,2835,44,313,7,364,8,110,118,15690
Richmond upon Thames,2005,3,58,926,682,77,631,193,2570,22,152,174,344,32,376,1120,897,2017,448,1269,70,648,179,878,2498,13,6003,541,21,562,614,688,1303,629,3234,26,271,2,299,8,77,85,15320
Hounslow,2005,5,111,1680,2594,147,1700,535,6772,75,217,292,664,48,712,1889,1080,2969,1534,2859,158,1096,502,528,3042,36,9755,2021,51,2072,1106,529,2142,637,4414,165,472,6,643,21,258,279,27908
Hillingdon,2005,1,159,2236,1675,134,1407,309,5921,52,216,268,542,51,593,2056,1087,3143,1558,3254,16,1357,510,251,2910,27,9883,1599,48,1647,1201,841,2660,796,5498,64,544,6,614,10,223,233,27800
Ealing,2005,8,237,2638,2815,215,1601,495,8009,77,311,388,1476,89,1565,2824,1526,4350,2340,4546,16,1395,1125,571,3854,47,13894,1881,71,1952,1404,654,2073,548,4679,109,1005,3,1117,40,424,464,36418
Brent,2005,17,204,3041,2492,282,2367,732,9135,99,199,298,2015,69,2084,2805,1182,3987,1616,2653,69,916,1393,325,4128,59,11159,3111,133,3244,1182,489,1735,515,3921,93,1203,2,1298,28,428,456,35582
Harrow,2005,0,78,996,1065,105,614,183,3041,50,143,193,669,30,699,1492,686,2178,728,2177,70,671,420,133,2689,36,6924,1825,61,1886,582,367,1397,298,2644,42,331,3,376,14,152,166,18107
Barnet,2005,3,132,2351,1972,155,2291,279,7183,84,295,379,1132,79,1211,2689,1356,4045,2106,3490,280,1999,965,341,6334,42,15557,3627,90,3717,1197,641,2142,710,4690,80,724,4,808,32,265,297,37887
Haringey,2005,10,208,2318,1705,361,1222,502,6326,99,324,423,1365,65,1430,3184,900,4084,2089,2907,73,1278,2129,339,4906,102,13823,2728,156,2884,1496,471,2021,405,4393,453,1271,4,1728,20,442,462,35553
Enfield,2005,10,119,1581,2117,218,862,283,5190,74,173,247,1064,79,1143,2251,1277,3528,1995,2861,270,1089,728,214,3577,59,10793,2007,48,2055,1199,546,2044,489,4278,70,478,5,553,20,324,344,28131
Heathrow Airport,2005,0,0,81,208,103,96,16,504,3,30,33,5,2,7,0,58,58,33,160,1,299,65,2,3521,26,4107,368,309,677,5,21,53,23,102,3,43,3,49,6,625,631,6168
